Pregnancies,Glucose,BloodPressure,SkinThickness,Insulin,BMI,DiabetesPedigreeFunction,Age,Outcome
8.781381626542851,129.0181746564618,58.141809800383015,20.89584368206254,125.5326319691174,46.9823974385457,0.9910441534660992,39.31765281744071,non-diabetic
5.947526001718674,74.00620655000924,58.77237834255625,39.21315342105319,193.04006822226867,27.585477728334325,1.1480130058585314,39.90234006453836,non-diabetic
8.527205523349714,131.3194871586856,84.94062696834615,25.181581217751244,-27.319164677731507,26.133498664762175,0.692527355498742,40.630427905103,diabetic
2.4614035660776468,130.66752850400175,85.16511585365551,55.84513755131523,-70.77451070917955,32.688835512609025,0.6033232937284152,34.35849963426431,non-diabetic
7.95881315264425,177.71841872041824,54.78982757485314,18.719604906113595,71.90763925844273,48.89933801221086,0.23234014567701838,26.586415515246554,diabetic
0.8180065812112169,117.62991715829841,59.62544263807849,10.397817039176957,90.92410782060566,35.655210911234036,0.867805474094941,42.74471849756644,non-diabetic
5.532162051749866,114.12046266466962,59.84587513607326,47.243135859712154,251.0303590394861,31.84419342331768,0.3886599053888132,21.763626446568683,non-diabetic
-0.4876975012877396,83.5554216832427,74.40460462489335,25.76728483497371,165.24594937589248,19.040339982442358,0.36194593536633574,53.05165516218416,non-diabetic
1.722798295849635,36.53887583717619,91.84226034672895,1.418508794960129,-13.777280948245632,36.19444090630361,0.21128138000824898,20.578224308852448,non-diabetic
0.2941517125790676,140.69524148044655,34.9733854354219,42.5873348278534,-29.775612624449067,40.4416159027276,0.3314000076574727,27.93030826738492,diabetic
